Código,   Universidad,  Rama,  Grado en,  Centro,	Nota general,  Mayor
25,  Mayor 40, Mayor 45
125504,ALMERÍA,SYJ,ADMINISTRACION Y DIRECCIÓN DE EMPRESAS,F. CIEN. ECON. Y EMPRESA.,7.030,5.000,5.930 -OPR AN,5.000,5.000
126702,ALMERÍA,C,BIOTECNOLOGÍA,F. CIENCIAS EXPERIMENTALE,11.579,5.000,5.000 -ONP NA,5.000,5.000
127005,ALMERÍA,C,CIENCIAS AMBIENTALES,F. CIENCIAS EXPERIMENTALE,5.000,5.000,5.000 -ONP NA,5.000,5.000
127501,ALMERÍA,SYJ,CIENCIAS DE LA ACTIVIDAD FÍSICA Y DEL DEPORTE,F. CC. EDUCACIÓN,10.197,5.000,7.580 -OPR AN,5.000,5.000
129509,ALMERÍA,SYJ,DERECHO,F. DERECHO,7.000,5.000,6.958 -OPR AN,21.083,6.450
125601,ALMERÍA,SYJ,DERECHO + ADMINISTRACIÓN Y DIRECCIÓN DE EMPRESAS,F. CIEN. ECON. Y EMPRESA.,6.450,5.000,7.570 -OPR AN,5.000,5.000
130005,ALMERÍA,SYJ,ECONOMÍA,F. CIEN. ECON. Y EMPRESA.,6.270,5.000,5.000 -ONP NA,5.000,5.000
145505,ALMERÍA,SYJ,EDUCACIÓN INFANTIL,F. CC. EDUCACIÓN,6.617,5.000,5.770 -OPR AN,5.000,5.000
146509,ALMERÍA,SYJ,EDUCACIÓN PRIMARIA,F. CC. EDUCACIÓN,7.150,5.000,6.480 -OPR AN,5.000,5.000
102200,ALMERÍA,SYJ,EDUCACIÓN SOCIAL,F. CC. EDUCACIÓN,6.689,5.000,6.560 -OPR AN,5.000,5.000
102502,ALMERÍA,SD,ENFERMERÍA,F. CIENCIAS DE LA SALUD,10.610,5.000,6.525 -OPR AN,13.163,6.900
134506,ALMERÍA,AYH,ESTUDIOS INGLESES,F. HUMANIDADES,7.000,5.000,6.592 -OPR AN,5.000,5.000
134001,ALMERÍA,AYH,FILOLOGÍA HISPÁNICA,F. HUMANIDADES,5.000,5.000,5.000 -ONP NA,5.000,5.000
102006,ALMERÍA,SYJ,FINANZAS Y CONTABILIDAD,F. CIEN. ECON. Y EMPRESA.,5.000,5.000,6.882 -OPR AN,5.000,5.000
103506,ALMERÍA,SD,FISIOTERAPIA,F. CIENCIAS DE LA SALUD,11.054,5.000,7.320 -OPR AN,5.000,5.000
104003,ALMERÍA,SYJ,GESTIÓN Y ADMINISTRACIÓN PÚBLICA,F. DERECHO,5.000,5.000,5.000 -ONP NA,5.000,5.000
137507,ALMERÍA,AYH,HISTORIA,F. HUMANIDADES,5.000,5.000,5.146 -OPR AN,12.727,8.350
138500,ALMERÍA,AYH,HUMANIDADES,F. HUMANIDADES,5.000,5.000,5.000 -ONP NA,5.000,5.000
122007,ALMERÍA,IYA,INGENIERÍA AGRÍCOLA EXPLOTACIONES AGROPECUARIAS HORTOFRUTICULTURA Y JARDINERÍA INDUSTRIAS AGRARIAS Y ALIMENTARIAS MECANIZACIÓN DE CONSTRUCCIONES RURALES,E. SUP. INGENIERÍA,5.000,5.000,5.000 -ONP NA,5.000,5.000
112508,ALMERÍA,IYA,INGENIERÍA ELÉCTRICA ENERGÍAS RENOVABLES,E. SUP. INGENIERÍA,5.000,5.000,5.000 -ONP NA,5.000,5.000
113005,ALMERÍA,IYA,INGENIERÍA ELECTRÓNICA INDUSTRIAL,E. SUP. INGENIERÍA,5.000,5.000,5.000 -ONP NA,5.000,5.000
123507,ALMERÍA,IYA,INGENIERÍA INFORMÁTICA INGENIERÍA DEL SOFTWARE SISTEMAS DE INFORMACIÓN TECNOLOGÍAS DE LA INFORMACIÓN,E. SUP. INGENIERÍA,5.000,5.000,5.000 -ONP NA,5.000,5.000
113501,ALMERÍA,IYA,INGENIERÍA MECÁNICA,E. SUP. INGENIERÍA,6.225,5.000,5.000 -ONP NA,5.000,5.000
114009,ALMERÍA,IYA,INGENIERÍA QUÍMICA INDUSTRIAL,E. SUP. INGENIERÍA,5.000,5.000,5.000 -ONP NA,5.000,5.000
149003,ALMERÍA,SYJ,MARKETING E INVESTIGACIÓN DE MERCADOS,F. CIEN. ECON. Y EMPRESA.,6.818,5.000,5.991 -OPR AN,5.000,5.000
139008,ALMERÍA,C,MATEMÁTICAS,F. CIENCIAS EXPERIMENTALE,5.000,5.000,5.000 -ONP NA,5.000,5.000
141500,ALMERÍA,SD,PSICOLOGÍA,F. PSICOLOGÍA,7.768,5.000,5.590 -OPR AN,5.000,5.000
142504,ALMERÍA,C,QUÍMICA,F. CIENCIAS EXPERIMENTALE,5.000,5.000,5.000 -ONP NA,5.000,5.000
108008,ALMERÍA,SYJ,RELACIONES LABORALES Y RECURSOS HUMANOS,F. DERECHO,5.438,5.000,5.770 -OPR AN,5.000,5.000
108504,ALMERÍA,SYJ,TRABAJO SOCIAL,C. REL. LABORALES (A),5.000,5.000,5.070 -OPR NA,5.000,5.000
108706,ALMERÍA,SYJ,TURISMO,F. CIEN. ECON. Y EMPRESA.,5.986,5.000,6.737 -OPR NA,5.000,5.000
225521,CÁDIZ,SYJ,ADMINISTRACION Y DIRECCIÓN DE EMPRESAS,F.CC.ECON.EMP. (ALG),5.000,5.000,5.220 -OPR AN,5.000,5.000
225502,CÁDIZ,SYJ,ADMINISTRACION Y DIRECCIÓN DE EMPRESAS,F. CIENC. ECON. Y EMPRES.,5.912,5.000,5.000 -ONP NA,5.000,5.000
225517,CÁDIZ,SYJ,ADMINISTRACION Y DIRECCIÓN DE EMPRESAS,F. CC. ECON. Y EMP. (JER),6.687,5.000,5.640 -OPR AN,5.000,5.000
225614,CÁDIZ,SYJ,ADMINISTRACIÓN Y DIRECCIÓN DE EMPRESAS + DERECHO,F. CC. ECON. Y EMP. (JER),10.910,5.000,5.640 -OPR AN,5.000,5.000
224207,CÁDIZ,IYA,ARQUITECTURA NAVAL E INGENIERÍA MARÍTIMA ESTRUCTURAS MARINAS PROPULSION Y SERVICIOS DEL BUQUE,E. ING. NAVAL Y OCEÁNICA,5.000,5.000,5.000 -ONP NA,5.000,5.000
226700,CÁDIZ,C,BIOTECNOLOGÍA,F. CIENCIAS,12.127,5.000,5.000 -ONP NA,5.000,5.000
227100,CÁDIZ,C,CC AMBIENTALES + CC DEL MAR,F. CIENCIAS DEL MAR Y AMB,9.516,5.000,5.000 -ONP NA,5.000,5.000
227208,CÁDIZ,C,CC AMBIENTALES + QUÍMICA,F. CIENCIAS DEL MAR Y AMB,8.299,5.000,5.000 -ONP NA,5.000,5.000
228104,CÁDIZ,C,CC DEL MAR + CC AMBIENTALES,F. CIENCIAS DEL MAR Y AMB,10.314,5.000,5.000 -ONP NA,5.000,5.000
227003,CÁDIZ,C,CIENCIAS AMBIENTALES,F. CIENCIAS DEL MAR Y AMB,7.824,5.000,5.000 -ONP NA,5.000,5.000
227501,CÁDIZ,SYJ,CIENCIAS DE LA ACTIVIDAD FÍSICA Y DEL DEPORTE,F. CIENCIAS EDUCACIÓN,10.280,5.000,6.350 -OPR AN,5.000,5.000
228007,CÁDIZ,C,CIENCIAS DEL MAR,F. CIENCIAS DEL MAR Y AMB,9.364,5.000,5.000 -ONP NA,5.000,5.000
292801,CÁDIZ,SYJ,CRIMINOLOGÍA Y SEGURIDAD,F. DERECHO (JEREZ),9.405,5.000,7.230 -OPR AN,21.750,5.000
229511,CÁDIZ,SYJ,DERECHO,FACULTAD DE DERECHO (ALG),6.402,5.000,6.840 -OPR AN,5.000,5.000
229507,CÁDIZ,SYJ,DERECHO,F. DERECHO (JEREZ),7.000,5.000,6.730 -OPR AN,5.000,5.000
245503,CÁDIZ,SYJ,EDUCACIÓN INFANTIL,F. CIENCIAS EDUCACIÓN,7.821,5.000,7.738 -ONP AN,5.000,5.000
245518,CÁDIZ,SYJ,EDUCACIÓN INFANTIL,C. MAGIST.VIR.EUR.(A)(LI),5.000,5.000,5.000 -ONP NA,5.000,5.000
246507,CÁDIZ,SYJ,EDUCACIÓN PRIMARIA,F. CIENCIAS EDUCACIÓN,8.214,5.000,7.763 -ONP AN,5.000,5.000
246511,CÁDIZ,SYJ,EDUCACIÓN PRIMARIA,C. MAGIST.VIR.EUR.(A)(LI),5.000,5.000,5.000 -ONP NA,5.000,5.000
202500,CÁDIZ,SD,ENFERMERÍA,F. ENFERMERÍA Y FISIOT.,11.030,5.000,7.000 -OPR AN,5.000,5.000
202515,CÁDIZ,SD,ENFERMERÍA,F. ENFERMERÍA (ALG),10.210,5.000,6.900 -OPR AN,13.333,5.000
202534,CÁDIZ,SD,ENFERMERÍA,F. ENFERM. Y FIS. (JER),10.750,5.000,8.400 -OPR AN,25.333,5.960
202549,CÁDIZ,SD,ENFERMERÍA,C. U.ENF.SALUS INFIRM.(A),9.253,5.000,5.552 -OPR AN,5.000,5.000
297001,CÁDIZ,C,ENOLOGÍA,F. CIENCIAS,6.670,5.000,6.340 -OPR AN,5.000,5.000
231503,CÁDIZ,AYH,ESTUDIOS ÁRABES E ISLÁMICOS,F. FILOSOFÍA Y LETRAS,5.000,5.000,5.000 -ONP NA,5.000,5.000
231600,CÁDIZ,AYH,ESTUDIOS ÁRABES E ISLÁMICOS + ESTUDIOS INGLESES,F. FILOSOFÍA Y LETRAS,10.057,5.000,5.000 -ONP NA,5.000,5.000
233004,CÁDIZ,AYH,ESTUDIOS FRANCESES,F. FILOSOFÍA Y LETRAS,5.000,5.000,5.000 -ONP NA,5.000,5.000
233101,CÁDIZ,AYH,ESTUDIOS FRANCESES + ESTUDIOS INGLESES,F. FILOSOFÍA Y LETRAS,11.558,5.000,5.000 -ONP NA,5.000,5.000
234504,CÁDIZ,AYH,ESTUDIOS INGLESES,F. FILOSOFÍA Y LETRAS,7.597,5.000,5.000 -ONP NA,5.000,5.000
232000,CÁDIZ,AYH,FILOLOGÍA CLÁSICA,F. FILOSOFÍA Y LETRAS,5.000,5.000,5.000 -ONP NA,5.000,5.000
232108,CÁDIZ,AYH,FILOLOGÍA CLÁSICA + ESTUDIOS INGLESES,F. FILOSOFÍA Y LETRAS,8.057,5.000,5.000 -ONP NA,5.000,5.000
234008,CÁDIZ,AYH,FILOLOGÍA HISPÁNICA,F. FILOSOFÍA Y LETRAS,5.000,5.000,6.090 -OPR AN,5.000,5.000
234105,CÁDIZ,AYH,FILOLOGÍA HISPÁNICA + ESTUDIOS INGLESES,F. FILOSOFÍA Y LETRAS,12.611,5.000,5.000 -ONP NA,5.000,5.000
202004,CÁDIZ,SYJ,FINANZAS Y CONTABILIDAD,F. CIENC. ECON. Y EMPRES.,5.000,5.000,5.000 -ONP NA,5.000,5.000
202101,CÁDIZ,SYJ,FINANZAS Y CONTABILIDAD + REL. LABORALES Y REC. HUMANOS,F. CIENC. ECON. Y EMPRES.,5.897,5.000,5.000 -ONP NA,5.000,5.000
203504,CÁDIZ,SD,FISIOTERAPIA,F. ENFERMERÍA Y FISIOT.,11.809,5.000,7.017 -OPR AN,5.000,5.000
204016,CÁDIZ,SYJ,GESTIÓN Y ADMINISTRACIÓN PÚBLICA,F. CC. SOC. Y COMUN. (JE),5.000,5.000,5.280 -ONP AN,5.000,5.000
237505,CÁDIZ,AYH,HISTORIA,F. FILOSOFÍA Y LETRAS,6.317,5.000,7.310 -OPR AN,9.438,6.770
238509,CÁDIZ,AYH,HUMANIDADES,F. FILOSOFÍA Y LETRAS,5.000,5.000,5.000 -ONP NA,5.000,5.000
221702,CÁDIZ,IYA,INGENIERÍA AEROESPACIAL,E. SUPERIOR DE INGENIERÍA,11.898,5.000,5.000 -ONP NA,5.000,5.000
222501,CÁDIZ,IYA,INGENIERÍA CIVIL CONSTRUCCIONES CIVILES HIDROLOGIA TRANSPORTES Y SERVICIOS URBANOS,E. POLITÉC.SUPERIOR (ALG),5.000,5.000,5.000 -ONP NA,5.000,5.000
212506,CÁDIZ,IYA,INGENIERÍA ELÉCTRICA,E. SUPERIOR DE INGENIERÍA,6.030,5.000,5.000 -ONP NA,5.000,5.000
213003,CÁDIZ,IYA,INGENIERÍA ELECTRÓNICA INDUSTRIAL,E. SUPERIOR DE INGENIERÍA,5.546,5.000,5.000 -ONP NA,5.000,5.000
211200,CÁDIZ,IYA,INGENIERÍA EN DIS. INDUS. Y DESARROLLO DEL PRODUCTO,E. SUPERIOR DE INGENIERÍA,8.504,5.000,5.000 -ONP NA,5.000,5.000
223009,CÁDIZ,IYA,INGENIERÍA EN TECNOLOGÍAS INDUSTRIALES ELECTRICIDAD ELECTRONICA INDUSTRIAL MECANICA,E. SUPERIOR DE INGENIERÍA,9.218,5.000,5.000 -ONP NA,5.000,5.000
223013,CÁDIZ,IYA,INGENIERÍA EN TECNOLOGÍAS INDUSTRIALES ELECTRICIDAD ELECTRONICA INDUSTRIAL MECANICA QUIMICA INDUSTRIAL,E. POLITÉC.SUPERIOR (ALG),5.000,5.000,5.000 -ONP NA,5.000,5.000
223505,CÁDIZ,IYA,INGENIERÍA INFORMÁTICA COMPUTACION INGENIERIA DE COMPUTADORES INGENIERIA DEL SOFTWARE,E. SUPERIOR DE INGENIERÍA,7.059,5.000,5.000 -ONP NA,5.000,5.000
213501,CÁDIZ,IYA,INGENIERÍA MECÁNICA,E. SUPERIOR DE INGENIERÍA,8.698,5.000,5.000 -ONP NA,5.000,5.000
224509,CÁDIZ,IYA,INGENIERÍA QUÍMICA QUIMICA INDUSTRIAL,F. CIENCIAS,6.625,5.000,5.000 -ONP NA,5.000,5.000
294507,CÁDIZ,IYA,INGENIERÍA RADIOELECTRÓNICA,E. ING.MARINA - NAUT. Y RAD,5.000,5.000,5.000 -ONP NA,5.000,5.000
295104,CÁDIZ,AYH,LINGÜÍS. Y LENGUAS APLIC. + ESTUDIOS INGLESES,F. FILOSOFÍA Y LETRAS,10.780,5.000,5.000 -ONP NA,5.000,5.000
295004,CÁDIZ,AYH,LINGÜÍSTICA Y LENGUAS APLICADAS,F. FILOSOFÍA Y LETRAS,5.000,5.000,5.000 -ONP NA,5.000,5.000
293007,CÁDIZ,IYA,MARINA,E. ING.MARINA - NAUT. Y RAD,5.000,5.000,5.000 -ONP NA,5.000,5.000
249109,CÁDIZ,SYJ,MARKETING E INVESTIG. DE MERCADOS + TURISMO,F. CC. SOC. Y COMUN. (JE),9.296,5.000,5.000 -ONP NA,5.000,5.000
249001,CÁDIZ,SYJ,MARKETING E INVESTIGACIÓN DE MERCADOS,F. CC. SOC. Y COMUN. (JE),6.460,5.000,5.000 -ONP NA,5.000,5.000
239006,CÁDIZ,C,MATEMÁTICAS,F. CIENCIAS,7.311,5.000,5.617 -OPR NA,5.000,5.000
239502,CÁDIZ,SD,MEDICINA,F. MEDICINA,12.719,5.000,7.242 -OPR AN,5.000,5.000
293503,CÁDIZ,IYA,NÁUTICA Y TRANSPORTE MARÍTIMO,E. ING.MARINA - NAUT. Y RAD,6.238,5.000,5.000 -ONP NA,5.000,5.000
241509,CÁDIZ,SD,PSICOLOGÍA,F. CIENCIAS EDUCACIÓN,9.052,5.000,6.590 -OPR AN,26.083,7.000
242200,CÁDIZ,SYJ,PUBL. Y REL. PÚBLICAS + MARKETING E INV. MER,F. CC. SOC. Y COMUN. (JE),10.242,5.000,5.000 -ONP NA,5.000,5.000
242006,CÁDIZ,SYJ,PUBLICIDAD Y RELACIONES PÚBLICAS,F. CC. SOC. Y COMUN. (JE),8.063,5.000,6.525 -OPR AN,5.000,5.000
242103,CÁDIZ,SYJ,PUBLICIDAD Y RELACIONES PÚBLICAS + TURISMO,F. CC. SOC. Y COMUN. (JE),9.672,5.000,5.000 -ONP NA,5.000,5.000
242502,CÁDIZ,C,QUÍMICA,F. CIENCIAS,9.626,5.000,5.000 -ONP NA,5.000,5.000
242601,CÁDIZ,C,QUÍMICA + CC AMBIENTALES,F. CIENCIAS,8.835,5.000,5.000 -ONP NA,5.000,5.000
242804,CÁDIZ,C,QUÍMICA + ENOLOGÍA,F. CIENCIAS,9.585,5.000,5.000 -ONP NA,5.000,5.000
208010,CÁDIZ,SYJ,RELACIONES LABORALES Y RECURSOS HUMANOS,F. CIENCIAS TRABAJO (ALG),5.000,5.000,7.229 -OPR AN,5.000,5.000
208006,CÁDIZ,SYJ,RELACIONES LABORALES Y RECURSOS HUMANOS,F. CIENCIAS DEL TRABAJO,5.000,5.000,5.530 -ONP AN,5.000,5.000
208502,CÁDIZ,SYJ,TRABAJO SOCIAL,F. CIENCIAS TRABAJO (JE),7.670,5.000,5.141 -OPR AN,12.188,5.000
208730,CÁDIZ,SYJ,TURISMO,F. CC. SOC. Y COMUN. (JE),6.505,5.000,6.290 -OPR NA,5.000,5.000
325515,CÓRDOBA,SYJ,ADMINISTRACION Y DIRECCIÓN DE EMPRESAS,F. DERECHO Y CC ECON EMP,8.560,5.000,5.000 -ONP NA,5.000,5.000
325608,CÓRDOBA,SYJ,ADMON. Y DIREC. DE EMPRESA + DERECHO,F. DERECHO Y CC ECON EMP,8.213,5.000,5.000 -ONP NA,5.000,5.000
326504,CÓRDOBA,C,BIOLOGÍA,F. CIENCIAS,9.252,5.000,5.000 -ONP NA,5.000,5.000
392001,CÓRDOBA,C,BIOQUÍMICA,F. CIENCIAS,12.232,5.000,5.000 -ONP NA,5.000,5.000
392508,CÓRDOBA,C,CIENCIA Y TECNOLOGÍA DE LOS ALIMENTOS,F. VETERINARIA,9.422,5.000,5.000 -ONP NA,5.000,5.000
327001,CÓRDOBA,C,CIENCIAS AMBIENTALES,F. CIENCIAS,5.000,5.000,5.000 -ONP NA,5.000,5.000
329505,CÓRDOBA,SYJ,DERECHO,F. DERECHO Y CC ECON EMP,7.296,5.000,5.000 -ONP NA,5.000,5.000
345501,CÓRDOBA,SYJ,EDUCACIÓN INFANTIL,F. CIENCIAS DE EDUCACIÓN,6.931,5.000,5.000 -ONP NA,5.000,5.000
345516,CÓRDOBA,SYJ,EDUCACIÓN INFANTIL,C. MAGIST.SAGRADO COR.(A),5.000,5.000,5.000 -ONP NA,5.000,5.000
346505,CÓRDOBA,SYJ,EDUCACIÓN PRIMARIA EDUCACIÓN FÍSICA EDUCACIÓN MUSICAL LENGUA EXTRANJERA NECESIDADES EDUCATIVAS ESPECÍFICAS,F. CIENCIAS DE EDUCACIÓN,7.420,5.000,5.050 -OPR AN,5.000,5.000
346511,CÓRDOBA,SYJ,EDUCACIÓN PRIMARIA,C. MAGIST.SAGRADO COR.(A),5.000,5.000,5.000 -ONP NA,5.000,5.000
346524,CÓRDOBA,SYJ,EDUCACIÓN PRIMARIA (ITINERARIO BILINGÜE),F. CIENCIAS DE EDUCACIÓN,7.348,5.000,5.000 -ONP NA,5.000,5.000
302207,CÓRDOBA,SYJ,EDUCACIÓN SOCIAL,F. CIENCIAS DE EDUCACIÓN,7.711,5.000,5.000 -ONP NA,5.000,5.000
302509,CÓRDOBA,SD,ENFERMERÍA,F. MEDICINA Y ENFERMERÍA,11.256,5.000,6.570 -OPR AN,5.000,5.000
334502,CÓRDOBA,AYH,ESTUDIOS INGLESES,F. FILOSOFÍA Y LETRAS,7.451,5.000,5.000 -ONP NA,5.000,5.000
334006,CÓRDOBA,AYH,FILOLOGÍA HISPÁNICA,F. FILOSOFÍA Y LETRAS,5.000,5.000,5.000 -ONP NA,5.000,5.000
336003,CÓRDOBA,C,FÍSICA,F. CIENCIAS,7.985,5.000,5.000 -ONP NA,5.000,5.000
303502,CÓRDOBA,SD,FISIOTERAPIA,F. MEDICINA Y ENFERMERÍA,11.733,5.000,7.880 -OPR AN,5.000,5.000
349506,CÓRDOBA,AYH,GESTIÓN CULTURAL,F. FILOSOFÍA Y LETRAS,5.000,5.000,5.000 -ONP NA,5.000,5.000
337503,CÓRDOBA,AYH,HISTORIA,F. FILOSOFÍA Y LETRAS,5.000,5.000,5.000 -ONP NA,5.000,5.000
338000,CÓRDOBA,AYH,HISTORIA DEL ARTE,F. FILOSOFÍA Y LETRAS,5.000,5.000,5.000 -ONP NA,5.000,5.000
397107,CÓRDOBA,C,ING. AGROALIMENTARIA Y DEL MEDIO RURAL + ENOLOGÍA,E.T.S.ING.AGRON. MONTES,5.930,5.000,5.000 -ONP NA,5.000,5.000
322704,CÓRDOBA,IYA,ING. CIVIL + RECURSOS ENERGÉTICOS Y MINEROS,E. POLITÉCNICA SUP. (BEL),5.000,5.000,5.000 -ONP NA,5.000,5.000
322003,CÓRDOBA,IYA,INGENIERÍA AGROALIMENTARIA Y DEL MEDIO RURAL HORTOFRUTICULTURA -  JARDINERÍA Y PAISAJISMO INGENIERÍA ALIMENTARIA INGENIERÍA RURAL SISTEMAS AGRO-GANADEROS,E.T.S.ING.AGRON. MONTES,5.000,5.000,5.000 -ONP NA,5.000,5.000
322500,CÓRDOBA,IYA,INGENIERÍA CIVIL CONSTRUCCIONES CIVILES HIDROLOGÍA,E. POLITÉCNICA SUP. (BEL),5.000,5.000,5.000 -ONP NA,5.000,5.000
323708,CÓRDOBA,IYA,INGENIERÍA DE RECURSOS ENERGETICOS Y MINEROS EXPLOTACIÓN DE MINAS RECURSOS ENERGÉTICOS -  COMBUSTIBLES Y EXPLOSIVOS,E. POLITÉCNICA SUP. (BEL),5.000,5.000,5.000 -ONP NA,5.000,5.000
312504,CÓRDOBA,IYA,INGENIERÍA ELÉCTRICA,E. POLITÉCNICA SUPERIOR,5.000,5.000,5.000 -ONP NA,5.000,5.000
313001,CÓRDOBA,IYA,INGENIERÍA ELECTRÓNICA INDUSTRIAL,E. POLITÉCNICA SUPERIOR,5.000,5.000,5.000 -ONP NA,5.000,5.000
324000,CÓRDOBA,IYA,INGENIERÍA FORESTAL EXPLOTACIONES FORESTALES,E.T.S.ING.AGRON. MONTES,5.000,5.000,5.000 -ONP NA,5.000,5.000
323503,CÓRDOBA,IYA,INGENIERÍA INFORMÁTICA COMPUTACIÓN INGENIERÍA DE COMPUTADORES INGENIERÍA DEL SOFTWARE,E. POLITÉCNICA SUPERIOR,6.776,5.000,5.000 -ONP NA,5.000,5.000
313508,CÓRDOBA,IYA,INGENIERÍA MECÁNICA,E. POLITÉCNICA SUPERIOR,5.548,5.000,5.000 -ONP NA,5.000,5.000
339500,CÓRDOBA,SD,MEDICINA,F. MEDICINA Y ENFERMERÍA,12.736,5.000,6.892 -OPR AN,5.000,5.000
342500,CÓRDOBA,C,QUÍMICA,F. CIENCIAS,7.087,5.000,5.000 -ONP NA,5.000,5.000
308004,CÓRDOBA,SYJ,RELACIONES LABORALES Y RECURSOS HUMANOS ASESORÍA JURÍDICO-LABORAL MERCADO DE TRABAJO Y EMPLEO RECURSOS HUMANOS SALUD LABORAL,F. CIENCIAS DEL TRABAJO,5.899,5.000,5.000 -ONP NA,5.000,5.000
343202,CÓRDOBA,AYH,TRADUCCIÓN E INTERPRETACIÓN FRANCÉS,F. FILOSOFÍA Y LETRAS,9.338,5.000,5.000 -ONP NA,5.000,5.000
343301,CÓRDOBA,AYH,TRADUCCIÓN E INTERPRETACIÓN INGLÉS,F. FILOSOFÍA Y LETRAS,11.077,5.000,5.000 -ONP NA,5.000,5.000
334804,CÓRDOBA,AYH,TRADUCCIÓN E INTERPRETACIÓN INGLÉS + ESTUDIOS INGLESES,F. FILOSOFÍA Y LETRAS,11.747,5.000,6.460 -OPR AN,5.000,5.000
308705,CÓRDOBA,SYJ,TURISMO,F. CIENCIAS DEL TRABAJO,5.851,5.000,5.000 -ONP NA,5.000,5.000
343504,CÓRDOBA,SD,VETERINARIA,F. VETERINARIA,11.790,5.000,7.450 -OPR AN,5.000,5.000
425528,GRANADA,SYJ,ADMINISTRACION Y DIRECCIÓN DE EMPRESAS,F. EDUC. Y HUMAN. (CEUTA),5.000,5.000,5.114 -OPR NA,5.000,5.000
425509,GRANADA,SYJ,ADMINISTRACION Y DIRECCIÓN DE EMPRESAS,F. CIENC. ECONOM. Y EMPR.,8.772,5.000,5.750 -OPR NA,5.000,5.000
425513,GRANADA,SYJ,ADMINISTRACION Y DIRECCIÓN DE EMPRESAS,F. CC. SOCIALES (ME),5.000,5.000,5.000 -ONP NA,5.000,5.000
425606,GRANADA,SYJ,ADMON. Y DIREC. DE EMPRESA + DERECHO,F.C.ECON.Y EMPRES.-F.DER.,10.400,5.000,5.000 -ONP NA,5.000,5.000
425610,GRANADA,SYJ,ADMON. Y DIREC. DE EMPRESA + DERECHO,F. CC. SOCIALES (ME),5.000,5.000,5.000 -ONP NA,5.000,5.000
491502,GRANADA,SYJ,ANTROPOLOGIA SOCIAL Y CULTURAL,F. FILOSOFÍA Y LETRAS,6.728,5.000,6.838 -OPR NA,5.000,9.080
453001,GRANADA,AYH,ARQUEOLOGÍA,F. FILOSOFÍA Y LETRAS,7.158,5.000,6.883 -OPR NA,5.000,5.000
400501,GRANADA,IYA,ARQUITECTURA,E.T.S. ARQUITECTURA,7.850,5.000,5.000 -ONP NA,5.000,5.000
426006,GRANADA,AYH,BELLAS ARTES,F. BELLAS ARTES,8.622,5.000,6.140 -OPR AN,5.000,5.000
426502,GRANADA,C,BIOLOGÍA,F. CIENCIAS,10.229,5.000,7.190 -ONP NA,5.000,5.000
492001,GRANADA,C,BIOQUÍMICA,F. CIENCIAS,12.614,5.000,5.000 -ONP NA,5.000,5.000
426707,GRANADA,C,BIOTECNOLOGÍA,F. CIENCIAS,12.680,5.000,5.000 -ONP NA,5.000,5.000
492506,GRANADA,C,CIENCIA Y TECNOLOGÍA DE LOS ALIMENTOS,F. FARMACIA,9.350,5.000,5.710 -ONP AN,5.000,5.000
427001,GRANADA,C,CIENCIAS AMBIENTALES,F. CIENCIAS,6.334,5.000,5.000 -ONP NA,5.000,5.000
427506,GRANADA,SYJ,CIENCIAS DE LA ACTIVIDAD FÍSICA Y DEL DEPORTE,F. CIEN. ACTIV. FIS. DEP.,10.740,5.000,6.720 -OPR AN,5.000,5.000
427603,GRANADA,SYJ,CIENCIAS DE LA ACTIVIDAD FÍSICA Y DEL DEPORTE + PRIMARIA,F.EDUC. Y HUMAN.(MELILLA),7.987,5.000,5.000 -ONP NA,5.000,5.000
428704,GRANADA,SYJ,CIENCIAS POLIT. Y DE LA ADMON. + DERECHO,F. CIENC. POLT. Y SOCIO.,7.582,5.000,5.000 -ONP NA,5.000,5.000
428501,GRANADA,SYJ,CIENCIAS POLÍTICAS Y DE LA ADMINISTRACIÓN,F. CIENC. POLT. Y SOCIO.,6.112,5.000,5.000 -ONP NA,5.000,5.000
429007,GRANADA,SYJ,COMUNICACIÓN AUDIOVISUAL,F. BIBLIOTECONO. Y DOCUM.,9.954,5.000,6.350 -OPR AN,5.000,5.000
426200,GRANADA,AYH,CONSERVACIÓN Y RESTAURACIÓN DE BIENES CULTURALES,F. BELLAS ARTES,8.284,5.000,6.680 -OPR AN,5.000,5.000
492603,GRANADA,SYJ,CRIMINOLOGÍA,F. DERECHO,10.625,5.000,6.990 -OPR AN,25.333,7.880
429503,GRANADA,SYJ,DERECHO,F. DERECHO,7.702,5.000,5.790 -OPR AN,5.000,5.000
430001,GRANADA,SYJ,ECONOMÍA,F. CIENC. ECONOM. Y EMPR.,7.727,5.000,5.000 -ONP NA,5.000,5.000
401007,GRANADA,IYA,EDIFICACIÓN,E.T.S. ING. EDIFICACIÓN,5.000,5.000,5.000 -ONP NA,5.000,5.000
445533,GRANADA,SYJ,EDUCACIÓN INFANTIL,F.EDUC. Y HUMAN.(MELILLA),5.000,5.000,5.000 -ONP NA,5.000,5.000
445529,GRANADA,SYJ,EDUCACIÓN INFANTIL,F. EDUC. Y HUMAN. (CEUTA),5.000,5.000,5.000 -ONP NA,5.000,5.000
445501,GRANADA,SYJ,EDUCACIÓN INFANTIL,F. CIENC. DE LA EDUCACIÓN,7.483,5.000,5.960 -ONP AN,5.000,5.000
445514,GRANADA,SYJ,EDUCACIÓN INFANTIL,C. PROF.INMAC. CONC (A),5.000,5.000,5.000 -ONP NA,5.000,5.000
446537,GRANADA,SYJ,EDUCACIÓN PRIMARIA,F.EDUC. Y HUMAN.(MELILLA),5.000,5.000,5.000 -ONP NA,5.000,5.000
446522,GRANADA,SYJ,EDUCACIÓN PRIMARIA,F. EDUC. Y HUMAN. (CEUTA),5.000,5.000,5.000 -ONP NA,5.000,5.000
446503,GRANADA,SYJ,EDUCACIÓN PRIMARIA,F. CIENC. DE LA EDUCACIÓN,7.500,5.000,5.230 -OPR NA,5.000,5.000
446518,GRANADA,SYJ,EDUCACIÓN PRIMARIA,C. PROF.INMAC. CONC (A),5.000,5.000,5.000 -ONP NA,5.000,5.000
446541,GRANADA,SYJ,EDUCACIÓN PRIMARIA (grupo formación bilingüe),F. CIENC. DE LA EDUCACIÓN,10.168,5.000,7.220 -OPR AN,5.000,5.000
402224,GRANADA,SYJ,EDUCACIÓN SOCIAL,F.EDUC. Y HUMAN.(MELILLA),5.000,5.000,5.000 -ONP NA,5.000,5.000
402211,GRANADA,SYJ,EDUCACIÓN SOCIAL,F. EDUC. Y HUMAN. (CEUTA),5.000,5.000,7.340 -ONP NA,5.000,5.000
402205,GRANADA,SYJ,EDUCACIÓN SOCIAL,F. CIENC. DE LA EDUCACIÓN,7.544,5.000,7.670 -ONP AN,5.000,5.000
402530,GRANADA,SD,ENFERMERÍA,F. ENFERMERÍA(MELILLA),8.690,5.000,5.530 -OPR AN,5.000,5.000
402526,GRANADA,SD,ENFERMERÍA,F. ENFERMERÍA (CE),8.861,5.000,6.590 -OPR AN,5.000,5.000
402507,GRANADA,SD,ENFERMERÍA,F. CIENCIAS DE LA SALUD,11.495,5.000,7.090 -OPR AN,14.830,6.900
403004,GRANADA,C,ESTADÍSTICA,F. CIENCIAS,5.000,5.000,5.000 -ONP NA,5.000,5.000
431501,GRANADA,AYH,ESTUDIOS ÁRABES E ISLÁMICOS,F. FILOSOFÍA Y LETRAS,5.000,5.000,5.000 -ONP NA,5.000,5.000
433000,GRANADA,AYH,ESTUDIOS FRANCESES,F. FILOSOFÍA Y LETRAS,5.810,5.000,5.000 -ONP NA,5.000,5.000
434500,GRANADA,AYH,ESTUDIOS INGLESES,F. FILOSOFÍA Y LETRAS,8.782,5.000,5.000 -ONP NA,5.000,5.000
430506,GRANADA,SD,FARMACIA,F. FARMACIA,10.495,5.000,6.110 -OPR AN,5.000,5.000
432007,GRANADA,AYH,FILOLOGÍA CLÁSICA,F. FILOSOFÍA Y LETRAS,5.000,5.000,5.000 -ONP NA,5.000,5.000
434004,GRANADA,AYH,FILOLOGÍA HISPÁNICA,F. FILOSOFÍA Y LETRAS,7.597,5.000,5.000 -ONP NA,5.000,5.000
435504,GRANADA,AYH,FILOSOFÍA,F. FILOSOFÍA Y LETRAS,6.198,5.000,5.000 -ONP NA,5.000,5.000
402000,GRANADA,SYJ,FINANZAS Y CONTABILIDAD,F. CIENC. ECONOM. Y EMPR.,7.650,5.000,5.000 -ONP NA,5.000,5.000
436001,GRANADA,C,FÍSICA,F. CIENCIAS,10.906,5.000,5.000 -ONP NA,5.000,5.000
403500,GRANADA,SD,FISIOTERAPIA,F. CIENCIAS DE LA SALUD,12.089,5.000,8.109 -OPR AN,5.000,5.000
436702,GRANADA,SYJ,GEOGRAFÍA Y GESTIÓN DEL TERRITORIO,F. FILOSOFÍA Y LETRAS,5.000,5.000,5.000 -ONP NA,5.000,5.000
437005,GRANADA,C,GEOLOGÍA,F. CIENCIAS,6.969,5.000,5.493 -ONP AN,5.000,5.000
437501,GRANADA,AYH,HISTORIA,F. FILOSOFÍA Y LETRAS,6.158,5.000,5.770 -OPR AN,5.000,5.000
438009,GRANADA,AYH,HISTORIA DEL ARTE,F. FILOSOFÍA Y LETRAS,5.015,5.000,5.000 -ONP NA,5.000,5.000
499005,GRANADA,AYH,HISTORIA Y CIENCIAS DE LA MÚSICA,F. FILOSOFÍA Y LETRAS,7.189,5.000,6.480 -OPR NA,5.000,5.000
401503,GRANADA,SYJ,INFORMACIÓN Y DOCUMENTACIÓN,F. BIBLIOTECONO. Y DOCUM.,5.000,5.000,5.000 -ONP NA,5.000,5.000
422508,GRANADA,IYA,INGENIERÍA CIVIL,E.T.S. INGEN. CAMINOS,5.562,5.000,5.000 -ONP NA,5.000,5.000
425002,GRANADA,IYA,INGENIERÍA DE TECNOLOGÍAS DE TELECOMUNICACIÓN,E.T.S. INFOR. Y COMUN.,10.594,5.000,5.000 -ONP NA,5.000,5.000
412901,GRANADA,IYA,INGENIERÍA ELECTRÓNICA INDUSTRIAL,F. CIENCIAS,10.551,5.000,5.000 -ONP NA,5.000,5.000
423516,GRANADA,IYA,INGENIERÍA INFORMÁTICA,F. EDUC. Y HUMAN. (CEUTA),5.000,5.000,5.000 -ONP NA,5.000,5.000
423501,GRANADA,IYA,INGENIERÍA INFORMÁTICA,E.T.S. INFOR. Y COMUN.,7.798,5.000,5.000 -ONP NA,5.000,5.000
423404,GRANADA,IYA,INGENIERIA INFORMÁTICA + MATEMÁTICAS,F. CIENCIAS,11.127,5.000,5.000 -ONP NA,5.000,5.000
424505,GRANADA,IYA,INGENIERÍA QUÍMICA,F. CIENCIAS,7.314,5.000,5.000 -ONP NA,5.000,5.000
432503,GRANADA,AYH,LENGUAS MODERNAS Y SUS LITERATURAS,F. FILOSOFÍA Y LETRAS,8.914,5.000,5.000 -ONP NA,5.000,5.000
498508,GRANADA,AYH,LITERATURAS COMPARADAS,F. FILOSOFÍA Y LETRAS,6.894,5.000,5.000 -ONP NA,5.000,5.000
405001,GRANADA,SD,LOGOPEDIA,F. PSICOLOGÍA,8.090,5.000,5.960 -OPR NA,5.000,5.000
449008,GRANADA,SYJ,MARKETING E INVESTIGACIÓN DE MERCADOS,F. CIENC. ECONOM. Y EMPR.,9.150,5.000,6.070 -OPR AN,5.000,5.000
439002,GRANADA,C,MATEMÁTICAS,F. CIENCIAS,9.060,5.000,5.000 -ONP NA,5.000,5.000
439509,GRANADA,SD,MEDICINA,F. MEDICINA,12.947,5.000,7.240 -OPR AN,5.000,5.000
406201,GRANADA,SD,NUTRICIÓN HUMANA Y DIETÉTICA,F. FARMACIA,10.229,5.000,6.560 -OPR AN,5.000,5.000
440005,GRANADA,SD,ODONTOLOGÍA,F. ODONTOLOGÍA,12.269,5.000,7.320 -OPR AN,5.000,5.000
406501,GRANADA,C,ÓPTICA Y OPTOMETRÍA,F. CIENCIAS,8.476,5.000,5.000 -ONP NA,5.000,5.000
440501,GRANADA,SYJ,PEDAGOGÍA,F. CIENC. DE LA EDUCACIÓN,7.032,5.000,5.000 -ONP NA,5.000,5.000
441505,GRANADA,SD,PSICOLOGÍA,F. PSICOLOGÍA,8.561,5.000,5.850 -OPR AN,5.000,5.000
442509,GRANADA,C,QUÍMICA,F. CIENCIAS,8.883,5.000,5.000 -ONP NA,5.000,5.000
408002,GRANADA,SYJ,RELACIONES LABORALES Y RECURSOS HUMANOS,F. CIENCIAS DEL TRABAJO,5.000,5.000,5.000 -ONP NA,5.000,5.000
408017,GRANADA,SYJ,RELACIONES LABORALES Y RECURSOS HUMANOS,F. CC. SOCIALES (ME),5.000,5.000,5.000 -ONP NA,5.000,5.000
442703,GRANADA,SYJ,SOCIOLOGÍA,F. CIENC. POLT. Y SOCIO.,6.050,5.000,6.250 -OPR NA,5.000,5.000
408207,GRANADA,SD,TERAPIA OCUPACIONAL,F. CIENCIAS DE LA SALUD,10.006,5.000,6.259 -OPR AN,7.829,5.850
408509,GRANADA,SYJ,TRABAJO SOCIAL,F. TRABAJO SOCIAL,7.290,5.000,5.320 -OPR AN,5.000,5.000
443103,GRANADA,AYH,TRADUCCIÓN E INTERPRETACIÓN ALEMÁN,F. TRADUC. INTERPRE.,10.440,5.000,5.000 -ONP NA,5.000,5.000
443405,GRANADA,AYH,TRADUCCIÓN E INTERPRETACIÓN ÁRABE,F. TRADUC. INTERPRE.,7.652,5.000,5.890 -OPR AN,5.000,5.000
443200,GRANADA,AYH,TRADUCCIÓN E INTERPRETACIÓN FRANCÉS,F. TRADUC. INTERPRE.,10.824,5.000,5.000 -ONP NA,5.000,5.000
443308,GRANADA,AYH,TRADUCCIÓN E INTERPRETACIÓN INGLÉS,F. TRADUC. INTERPRE.,12.491,5.000,6.375 -OPR AN,5.000,5.000
408703,GRANADA,SYJ,TURISMO,F. CIENC. ECONOM. Y EMPR.,7.883,5.000,5.000 -OPR NA,5.000,5.000
525507,HUELVA,SYJ,ADMINISTRACION Y DIRECCIÓN DE EMPRESAS,F. CIENC. EMPRESARIALES,5.000,5.000,8.080 -ONP AN,5.000,5.000
525906,HUELVA,SYJ,ADMÓN. Y DIRECC. EMP. + FINANZAS Y CONTABI,F. CIENC. EMPRESARIALES,6.890,5.000,5.000 -ONP NA,5.000,5.000
525809,HUELVA,SYJ,ADMÓN. Y DIRECC. EMP. + TURISMO,F. CIENC. EMPRESARIALES,5.000,5.000,5.000 -ONP NA,5.000,5.000
527008,HUELVA,C,CIENCIAS AMBIENTALES,F.CIENCIAS EXPERIMENTALES,5.000,5.000,5.000 -ONP NA,5.000,5.000
527504,HUELVA,SYJ,CIENCIAS DE LA ACTIVIDAD FÍSICA Y DEL DEPORTE,F. CIENCIAS EDUCACIÓN,9.984,5.000,6.010 -OPR AN,5.000,5.000
529501,HUELVA,SYJ,DERECHO,F. DERECHO,6.456,5.000,6.840 -ONP AN,11.499,5.000
545508,HUELVA,SYJ,EDUCACIÓN INFANTIL,F. CIENCIAS EDUCACIÓN,7.330,5.000,5.030 -OPR NA,5.000,5.000
546501,HUELVA,SYJ,EDUCACIÓN PRIMARIA,F. CIENCIAS EDUCACIÓN,6.685,5.000,6.360 -ONP AN,5.000,5.000
502203,HUELVA,SYJ,EDUCACIÓN SOCIAL,F. CIENCIAS EDUCACIÓN,6.685,5.000,7.590 -ONP AN,5.000,5.000
502505,HUELVA,SD,ENFERMERÍA,F. ENFERMERÍA,10.207,5.000,6.183 -OPR AN,5.000,5.000
534509,HUELVA,AYH,ESTUDIOS INGLESES,F. HUMANIDADES,6.250,5.000,5.000 -ONP NA,5.000,5.000
534703,HUELVA,AYH,ESTUDIOS INGLESES + FILOLOGÍA HISPÁNICA,F. HUMANIDADES,5.000,5.000,5.000 -ONP NA,5.000,5.000
534002,HUELVA,AYH,FILOLOGÍA HISPÁNICA,F. HUMANIDADES,5.000,5.000,5.000 -ONP NA,5.000,5.000
502009,HUELVA,SYJ,FINANZAS Y CONTABILIDAD,F. CIENC. EMPRESARIALES,5.000,5.000,5.000 -ONP NA,5.000,5.000
537003,HUELVA,C,GEOLOGÍA,F.CIENCIAS EXPERIMENTALES,5.000,5.000,5.000 -ONP NA,5.000,5.000
537208,HUELVA,C,GEOLOGÍA + CIENCIAS AMBIENTALES,F.CIENCIAS EXPERIMENTALES,5.000,5.000,5.000 -ONP NA,5.000,5.000
549502,HUELVA,AYH,GESTION CULTURAL,F. HUMANIDADES,5.000,5.000,7.810 -ONP AN,5.000,5.000
549517,HUELVA,AYH,GESTION CULTURAL - SEMIPRESENCIAL,F. HUMANIDADES,5.000,5.000,6.900 -ONP AN,5.000,5.000
537501,HUELVA,AYH,HISTORIA,F. HUMANIDADES,5.000,5.000,5.000 -ONP NA,5.000,5.000
538503,HUELVA,AYH,HUMANIDADES,F. HUMANIDADES,5.000,5.000,5.000 -ONP NA,5.000,5.000
522001,HUELVA,IYA,INGENIERÍA AGRÍCOLA,E.T.S. INGENIERÍA,5.000,5.000,5.000 -ONP NA,5.000,5.000
512500,HUELVA,IYA,INGENIERÍA ELÉCTRICA,E.T.S. INGENIERÍA,5.000,5.000,5.000 -ONP NA,5.000,5.000
513008,HUELVA,IYA,INGENIERÍA ELECTRÓNICA INDUSTRIAL,E.T.S. INGENIERÍA,5.000,5.000,5.000 -ONP NA,5.000,5.000
517002,HUELVA,IYA,INGENIERÍA EN EXPLOTACIÓN DE MINAS Y REC. ENERG.,E.T.S. INGENIERÍA,5.000,5.000,5.000 -ONP NA,5.000,5.000
516904,HUELVA,IYA,INGENIERÍA ENERGÉTICA,E.T.S. INGENIERÍA,5.000,5.000,5.000 -ONP NA,5.000,5.000
524007,HUELVA,IYA,INGENIERÍA FORESTAL Y DEL MEDIO NATURAL,E.T.S. INGENIERÍA,5.000,5.000,5.000 -ONP NA,5.000,5.000
523501,HUELVA,IYA,INGENIERÍA INFORMÁTICA,E.T.S. INGENIERÍA,5.000,5.000,5.000 -ONP NA,5.000,5.000
513504,HUELVA,IYA,INGENIERÍA MECÁNICA,E.T.S. INGENIERÍA,5.000,5.000,5.000 -ONP NA,5.000,5.000
514001,HUELVA,IYA,INGENIERÍA QUÍMICA INDUSTRIAL,E.T.S. INGENIERÍA,5.000,5.000,5.000 -ONP NA,5.000,5.000
541503,HUELVA,SD,PSICOLOGÍA,F. CIENCIAS EDUCACIÓN,7.778,5.000,5.434 -OPR AN,5.000,5.000
542507,HUELVA,C,QUÍMICA,F.CIENCIAS EXPERIMENTALES,5.000,5.000,5.000 -ONP NA,5.000,5.000
508000,HUELVA,SYJ,RELACIONES LABORALES Y RECURSOS HUMANOS,F. CIENCIAS DEL TRABAJO,5.354,5.000,5.000 -ONP NA,5.000,5.000
508015,HUELVA,SYJ,RELACIONES LABORALES Y RECURSOS HUMANOS - SEMIPRESENCIAL,F. CIENCIAS DEL TRABAJO,5.000,5.000,5.000 -ONP NA,22.936,5.000
508507,HUELVA,SYJ,TRABAJO SOCIAL,F. TRABAJO SOCIAL,6.000,5.000,5.000 -ONP NA,5.000,5.000
508701,HUELVA,SYJ,TURISMO,F. CIENC. EMPRESARIALES,5.000,5.000,5.670 -ONP AN,5.000,5.000
625505,JAÉN,SYJ,ADMINISTRACION Y DIRECCIÓN DE EMPRESAS,F. CIENC. SOCI. Y JURÍDI.,5.900,5.000,5.729 -OPR AN,5.000,5.000
625602,JAÉN,SYJ,ADMON. Y DIREC. DE EMPRESA + DERECHO,F. CIENC. SOCI. Y JURÍDI.,6.450,5.000,5.659 -OPR AN,5.000,5.000
653008,JAÉN,AYH,ARQUEOLOGÍA,F. HUMAN. Y CIENC. EDUCA.,5.110,5.000,6.525 -OPR AN,5.000,5.000
626509,JAÉN,C,BIOLOGÍA,F. CIENCIAS EXPERIMENTALE,9.084,5.000,5.296 -ONP AN,5.000,5.000
627006,JAÉN,C,CIENCIAS AMBIENTALES,F. CIENCIAS EXPERIMENTALE,5.000,5.000,5.000 -ONP NA,5.000,5.000
629501,JAÉN,SYJ,DERECHO,F. CIENC. SOCI. Y JURÍDI.,6.550,5.000,6.530 -OPR AN,5.000,5.000
645506,JAÉN,SYJ,EDUCACIÓN INFANTIL,F. HUMAN. Y CIENC. EDUCA.,5.830,5.000,5.890 -OPR AN,5.000,5.000
645510,JAÉN,SYJ,EDUCACIÓN INFANTIL,C. PROFESORADO(A) (ÚBEDA),5.000,5.000,5.000 -ONP NA,5.000,5.000
646501,JAÉN,SYJ,EDUCACIÓN PRIMARIA,F. HUMAN. Y CIENC. EDUCA.,6.413,5.000,5.010 -OPR AN,5.000,5.000
646514,JAÉN,SYJ,EDUCACIÓN PRIMARIA,C. PROFESORADO(A) (ÚBEDA),5.000,5.000,5.000 -ONP NA,5.000,5.000
602201,JAÉN,SYJ,EDUCACIÓN SOCIAL,F. HUMAN. Y CIENC. EDUCA.,6.490,5.000,6.134 -ONP AN,5.000,5.000
602503,JAÉN,SD,ENFERMERÍA,F. CIENCIAS DE SALUD,10.671,5.000,6.650 -OPR AN,20.078,7.400
603000,JAÉN,SYJ,ESTADÍSTICA Y EMPRESA,F. CIENC. SOCI. Y JURÍDI.,5.000,5.000,5.000 -ONP NA,5.000,5.000
634507,JAÉN,AYH,ESTUDIOS INGLESES,F. HUMAN. Y CIENC. EDUCA.,6.772,5.000,5.579 -ONP AN,5.000,5.000
634000,JAÉN,AYH,FILOLOGÍA HISPÁNICA,F. HUMAN. Y CIENC. EDUCA.,5.000,5.000,5.000 -ONP NA,5.000,5.000
602007,JAÉN,SYJ,FINANZAS Y CONTABILIDAD,F. CIENC. SOCI. Y JURÍDI.,5.000,5.000,7.034 -OPR AN,5.000,5.000
603507,JAÉN,SD,FISIOTERAPIA,F. CIENCIAS DE SALUD,11.132,5.000,6.760 -OPR AN,5.000,5.000
636806,JAÉN,AYH,GEOGRAFÍA E HISTORIA,F. HUMAN. Y CIENC. EDUCA.,5.000,5.000,5.000 -ONP NA,5.000,5.000
604004,JAÉN,SYJ,GESTIÓN Y ADMINISTRACIÓN PÚBLICA,F. CIENC. SOCI. Y JURÍDI.,5.000,5.000,5.734 -ONP NA,5.000,5.000
638005,JAÉN,AYH,HISTORIA DEL ARTE,F. HUMAN. Y CIENC. EDUCA.,5.000,5.000,5.000 -ONP NA,5.000,5.000
622504,JAÉN,IYA,INGENIERÍA CIVIL,E. POLITÉCNICA SUP.(LINA),5.000,5.000,5.000 -ONP NA,5.000,5.000
695503,JAÉN,IYA,INGENIERÍA DE ORGANIZACIÓN INDUSTRIAL,E. POLITÉCNICA SUPERIOR,5.000,5.000,5.000 -ONP NA,5.000,5.000
617000,JAÉN,IYA,INGENIERÍA DE RECURSOS ENERGÉTICOS,E. POLITÉCNICA SUP.(LINA),5.000,5.000,5.000 -ONP NA,5.000,5.000
625009,JAÉN,IYA,INGENIERÍA DE TECNOLOGÍAS DE TELECOMUNICACIÓN SISTEMAS DE TELECOMUNICACIÓN SONIDO E IMAGEN SUMA DE ANTERIORES,E. POLITÉCNICA SUP.(LINA),5.000,5.000,5.000 -ONP NA,5.000,5.000
623702,JAÉN,IYA,INGENIERÍA DE TECNOLOGÍAS MINERAS EXPLOTACIÓN DE MINAS SONDEOS Y PROSPECCIONES MINERAS SUMA DE ANTERIORES,E. POLITÉCNICA SUP.(LINA),5.000,5.000,5.000 -ONP NA,5.000,5.000
612513,JAÉN,IYA,INGENIERÍA ELÉCTRICA,E. POLITÉCNICA SUP.(LINA),5.000,5.000,5.000 -ONP NA,5.000,5.000
612509,JAÉN,IYA,INGENIERÍA ELÉCTRICA GENERACIÓN ELÉCTRICA CON ENERGÍAS RENOVABLES INSTALACIONES ELÉCTRICAS SISTEMAS ELÉCTRICOS,E. POLITÉCNICA SUPERIOR,5.000,5.000,5.000 -ONP NA,5.000,5.000
613006,JAÉN,IYA,INGENIERÍA ELECTRÓNICA INDUSTRIAL AUTOMÁTICA SISTEMAS ELECTRÓNICOS SISTEMAS FOTOVOLTAICOS,E. POLITÉCNICA SUPERIOR,5.000,5.000,5.000 -ONP NA,5.000,5.000
621500,JAÉN,IYA,INGENIERÍA GEOMÁTICA Y TOPOGRÁFICA,E. POLITÉCNICA SUPERIOR,5.000,5.000,5.000 -ONP NA,5.000,5.000
623508,JAÉN,IYA,INGENIERÍA INFORMÁTICA INGENIERÍA DEL SOFTWARE SISTEMAS DE INFORMACIÓN TECNOLOGÍAS DE LA INFORMACIÓN,E. POLITÉCNICA SUPERIOR,5.000,5.000,5.000 -ONP NA,5.000,5.000
613517,JAÉN,IYA,INGENIERÍA MECÁNICA,E. POLITÉCNICA SUP.(LINA),5.000,5.000,5.000 -ONP NA,5.000,5.000
613502,JAÉN,IYA,INGENIERÍA MECÁNICA CONSTRUCCIÓN INDUSTRIAL INGENIERÍA Y FABRICACIÓN MECÁNICA INSTALACIONES TÉRMICAS Y DE FLUIDOS,E. POLITÉCNICA SUPERIOR,5.000,5.000,5.000 -ONP NA,5.000,5.000
614001,JAÉN,IYA,INGENIERÍA QUÍMICA INDUSTRIAL,E. POLITÉCNICA SUP.(LINA),5.000,5.000,5.000 -ONP NA,5.000,5.000
621004,JAÉN,IYA,INGENIERÍA TELEMÁTICA,E. POLITÉCNICA SUP.(LINA),5.000,5.000,5.000 -ONP NA,5.000,5.000
641501,JAÉN,SD,PSICOLOGÍA,F. HUMAN. Y CIENC. EDUCA.,7.560,5.000,5.350 -OPR AN,5.000,5.000
642505,JAÉN,C,QUÍMICA,F. CIENCIAS EXPERIMENTALE,5.000,5.000,5.000 -ONP NA,5.000,5.000
608009,JAÉN,SYJ,RELACIONES LABORALES Y RECURSOS HUMANOS,F. CIENC. SOCI. Y JURÍDI.,5.000,5.000,5.042 -OPR AN,5.000,7.900
608505,JAÉN,SYJ,TRABAJO SOCIAL,F. TRABAJO SOCIAL,6.000,5.000,5.000 -ONP NA,5.000,5.000
608701,JAÉN,SYJ,TURISMO,F. CIENC. SOCI. Y JURÍDI.,5.442,5.000,5.000 -ONP NA,5.000,5.000
725503,MÁLAGA,SYJ,ADMINISTRACION Y DIRECCIÓN DE EMPRESAS,F. CC. EE. Y EMPRESA.,8.293,5.000,5.300 -OPR AN,5.000,5.000
725600,MÁLAGA,SYJ,ADMON. Y DIREC. DE EMPRESA + DERECHO,F. CC.EE. Y EMPRESARIALES,11.146,5.000,5.730 -OPR AN,5.000,5.000
700504,MÁLAGA,IYA,ARQUITECTURA,E.T.S. ARQUITECTURA,9.296,5.000,6.170 -ONP AN,5.000,5.000
726000,MÁLAGA,AYH,BELLAS ARTES,F. BELLAS ARTES,8.883,5.000,5.767 -OPR AN,38.250,9.080
726507,MÁLAGA,C,BIOLOGÍA,F. CIENCIAS,9.503,5.000,5.080 -ONP AN,5.000,5.000
792004,MÁLAGA,C,BIOQUÍMICA,F. CIENCIAS,12.322,5.000,6.809 -OPR AN,5.000,5.000
727004,MÁLAGA,C,CIENCIAS AMBIENTALES,F. CIENCIAS,5.786,5.000,5.510 -ONP AN,5.000,5.000
729001,MÁLAGA,SYJ,COMUNICACIÓN AUDIOVISUAL DIRECTOR -  GUIONISTA Y REALIZADOR AUDIOVISUAL DISEÑO DE PRODUCCIÓN Y POSTPRODUCCIÓN VISUAL Y SONORA PRODUCTOR Y GESTOR AUDIOVISUAL,F. CIENCIAS COMUNICACIÓN,9.147,5.000,5.920 -OPR AN,5.000,5.000
792608,MÁLAGA,SYJ,CRIMINOLOGÍA,F. DERECHO,10.040,5.000,6.530 -OPR AN,24.682,6.750
729508,MÁLAGA,SYJ,DERECHO,F. DERECHO,8.403,5.000,5.920 -OPR AN,14.686,5.500
730004,MÁLAGA,SYJ,ECONOMÍA,F. CC. EE. Y EMPRESA.,7.962,5.000,5.690 -OPR AN,5.000,5.000
725708,MÁLAGA,SYJ,ECONOMÍA + ADMON. Y DIR.DE EMPRESA(grupo formación bilingüe),F. CC. EE. Y EMPRESA.,11.429,5.000,5.000 -ONP NA,5.000,5.000
745504,MÁLAGA,SYJ,EDUCACIÓN INFANTIL,F. CIENCIAS EDUCACIÓN,8.330,5.000,6.480 -OPR AN,5.000,5.000
745519,MÁLAGA,SYJ,EDUCACIÓN INFANTIL,C.MAG.MªINMAC. (A)(ANT),5.000,5.000,5.030 -OPR AN,5.000,5.000
746508,MÁLAGA,SYJ,EDUCACIÓN PRIMARIA EDUCACIÓN FÍSICA EDUCACIÓN MUSICAL ESCUELA INCLUSIVA Y ATENCIÓN A LA DIVERSIDAD LENGUA EXTRANJERA,F. CIENCIAS EDUCACIÓN,8.351,5.000,6.525 -OPR AN,5.000,5.000
746512,MÁLAGA,SYJ,EDUCACIÓN PRIMARIA,C.MAG.MªINMAC. (A)(ANT),5.000,5.000,5.000 -ONP NA,5.000,5.000
746527,MÁLAGA,SYJ,EDUCACIÓN PRIMARIA (grupo formación bilingüe),F. CIENCIAS EDUCACIÓN,9.650,5.000,6.700 -OPR AN,5.000,5.000
702201,MÁLAGA,SYJ,EDUCACIÓN SOCIAL,F. CIENCIAS EDUCACIÓN,8.223,5.000,5.620 -OPR AN,5.000,5.000
702501,MÁLAGA,SD,ENFERMERÍA,FAC. CIENCIAS SALUD,11.310,5.000,7.280 -OPR AN,19.000,5.125
702516,MÁLAGA,SD,ENFERMERÍA,C.ENF.VIRG PAZ (A)RONDA,10.231,5.000,6.630 -OPR AN,5.000,5.000
750501,MÁLAGA,AYH,ESTUDIOS DE ASIA ORIENTAL COREANO,F. DE ESTU. SOCI. Y TRAB.,8.311,5.000,5.000 -ONP NA,5.000,5.000
734505,MÁLAGA,AYH,ESTUDIOS INGLESES,F. FILOSOFÍA Y LETRAS,7.220,5.000,5.480 -ONP AN,5.000,5.000
732001,MÁLAGA,AYH,FILOLOGÍA CLÁSICA,F. FILOSOFÍA Y LETRAS,5.000,5.000,5.000 -ONP NA,5.000,5.000
734009,MÁLAGA,AYH,FILOLOGÍA HISPÁNICA,F. FILOSOFÍA Y LETRAS,6.968,5.000,5.890 -ONP AN,5.000,5.000
735509,MÁLAGA,AYH,FILOSOFÍA,F. FILOSOFÍA Y LETRAS,5.859,5.000,5.430 -OPR AN,5.000,5.000
702005,MÁLAGA,SYJ,FINANZAS Y CONTABILIDAD,F. CC.EE. Y EMPRESARIALES,6.584,5.000,5.390 -OPR AN,5.000,5.000
703505,MÁLAGA,SD,FISIOTERAPIA,FAC. CIENCIAS SALUD,11.992,5.000,8.092 -OPR AN,25.299,7.480
736707,MÁLAGA,SYJ,GEOGRAFÍA Y GESTIÓN DEL TERRITORIO,F. FILOSOFÍA Y LETRAS,5.000,5.000,5.000 -ONP NA,5.000,5.000
704002,MÁLAGA,SYJ,GESTIÓN Y ADMINISTRACIÓN PÚBLICA,F. COMERCIO Y GESTIÓN,6.398,5.000,5.000 -OPR NA,19.582,5.000
737506,MÁLAGA,AYH,HISTORIA,F. FILOSOFÍA Y LETRAS,5.000,5.000,6.170 -OPR AN,5.000,5.000
738003,MÁLAGA,AYH,HISTORIA DEL ARTE,F. FILOSOFÍA Y LETRAS,5.459,5.000,5.279 -OPR AN,5.000,5.000
711201,MÁLAGA,IYA,ING. EN DISEÑO INDUSTRIAL Y DESAR. DEL PRODUCTO,E. POLITÉCNICA SUPERIOR,8.199,5.000,5.000 -ONP NA,5.000,5.000
715001,MÁLAGA,IYA,INGENIERÍA DE COMPUTADORES,E.T.S. ING. INFORMÁTICA,6.240,5.000,5.000 -ONP NA,5.000,5.000
716803,MÁLAGA,IYA,INGENIERÍA DE LA ENERGÍA,E.T.S. ING. INDUSTRIAL,7.285,5.000,5.000 -ONP NA,5.000,5.000
750005,MÁLAGA,IYA,INGENIERÍA DE LA SALUD,E.T.S. ING. INFORMÁTICA,10.300,5.000,6.792 -ONP AN,5.000,5.000
795501,MÁLAGA,IYA,INGENIERÍA DE ORGANIZACIÓN INDUSTRIAL,E.T.S. ING. INDUSTRIAL,7.323,5.000,5.000 -ONP NA,5.000,5.000
720009,MÁLAGA,IYA,INGENIERÍA DE SISTEMAS DE TELECOMUNICACIÓN,E.T.S. ING. TELECOMUNICA.,5.119,5.000,5.000 -ONP NA,5.000,5.000
719502,MÁLAGA,IYA,INGENIERÍA DE SISTEMAS ELECTRÓNICOS,E.T.S. ING. TELECOMUNICA.,5.000,5.000,5.000 -ONP NA,5.000,5.000
714504,MÁLAGA,IYA,INGENIERÍA DE SOFTWARE,E.T.S. ING. INFORMÁTICA,9.076,5.000,5.000 -ONP NA,5.000,5.000
720505,MÁLAGA,IYA,INGENIERÍA DE SONIDO E IMAGEN,E.T.S. ING. TELECOMUNICA.,7.336,5.000,5.000 -ONP NA,5.000,5.000
725007,MÁLAGA,IYA,INGENIERÍA DE TECNOLOGÍAS DE TELECOMUNICACIÓN,E.T.S. ING. TELECOMUNICA.,5.823,5.000,5.000 -ONP NA,5.000,5.000
712507,MÁLAGA,IYA,INGENIERÍA ELÉCTRICA,E. POLITÉCNICA SUPERIOR,5.413,5.000,5.000 -ONP NA,5.000,5.000
712809,MÁLAGA,IYA,INGENIERÍA ELÉCTRICA + INGENIERÍA MECÁNICA,E. POLITÉCNICA SUPERIOR,7.401,5.000,5.000 -ONP NA,5.000,5.000
713004,MÁLAGA,IYA,INGENIERÍA ELECTRÓNICA INDUSTRIAL,E. POLITÉCNICA SUPERIOR,5.932,5.000,5.000 -ONP NA,5.000,5.000
712701,MÁLAGA,IYA,INGENIERÍA ELECTRÓNICA INDUSTRIAL + INGENIERÍA ELÉCTRICA,E. POLITÉCNICA SUPERIOR,5.000,5.000,5.000 -ONP NA,5.000,5.000
713019,MÁLAGA,IYA,INGENIERÍA ELECTRÓNICA -  ROBÓTICA Y MECATRÓNICA,E.T.S. ING. INDUSTRIAL,10.730,5.000,5.504 -OPR NA,5.000,5.000
723001,MÁLAGA,IYA,INGENIERÍA EN TECNOLOGÍAS INDUSTRIALES AUTOMÁTICA ELECTRICIDAD ELECTRÓNICA ESTRUCTURAS Y MATERIALES INGENIERÍA TÉRMICA E HIDRÁULICA MECÁNICA Y MÁQUINAS ORGANIZACIÓN,E.T.S. ING. INDUSTRIAL,6.370,5.000,5.000 -ONP NA,5.000,5.000
723506,MÁLAGA,IYA,INGENIERÍA INFORMÁTICA COMPUTACIÓN SISTEMAS DE INFORMACIÓN TECNOLOGÍAS DE LA INFORMACIÓN,E.T.S. ING. INFORMÁTICA,7.451,5.000,5.000 -ONP NA,5.000,5.000
713500,MÁLAGA,IYA,INGENIERÍA MECÁNICA,E. POLITÉCNICA SUPERIOR,7.155,5.000,5.000 -ONP NA,5.000,5.000
711309,MÁLAGA,IYA,INGENIERÍA MECÁNICA + ING. EN DISEÑO INDUSTRIAL Y DESA. PROD,E. POLITÉCNICA SUPERIOR,9.070,5.000,5.000 -ONP NA,5.000,5.000
724501,MÁLAGA,IYA,INGENIERÍA QUÍMICA INGENIERÍA AMBIENTAL INGENIERÍA DE PROCESOS INGENIERÍA INDUSTRIAL,F. CIENCIAS,5.000,5.000,5.000 -ONP NA,5.000,5.000
721002,MÁLAGA,IYA,INGENIERÍA TELEMÁTICA,E.T.S. ING. TELECOMUNICA.,5.000,5.000,5.000 -ONP NA,5.000,5.000
705006,MÁLAGA,SD,LOGOPEDIA,F. PSICOLOGÍA,7.815,5.000,5.710 -OPR AN,5.000,5.000
749002,MÁLAGA,SYJ,MARKETING E INVESTIGACIÓN DE MERCADOS,F. COMERCIO Y GESTIÓN,7.475,5.000,5.000 -ONP NA,5.000,5.000
739007,MÁLAGA,C,MATEMÁTICAS,F. CIENCIAS,8.558,5.000,5.000 -ONP NA,5.000,5.000
739503,MÁLAGA,SD,MEDICINA,F. MEDICINA,12.766,5.000,7.390 -OPR AN,15.957,5.800
740506,MÁLAGA,SYJ,PEDAGOGÍA FORMACIÓN Y DESARROLLO PROFESIONAL GESTIÓN PEDAGÓGICA DE LAS ORGA. SOC. -  EMPRESARIALES Y EDUCA. ORIENTACIÓN EN EDUCACIÓN RECURSOS DIDÁCTICOS Y TECNOLÓGICOS EN EDUCACIÓN,F. CIENCIAS EDUCACIÓN,7.219,5.000,5.720 -OPR AN,5.000,5.000
741003,MÁLAGA,SYJ,PERIODISMO,F. CIENCIAS COMUNICACIÓN,9.376,5.000,5.740 -OPR AN,5.000,5.000
707003,MÁLAGA,SD,PODOLOGÍA,FAC. CIENCIAS SALUD,10.000,5.000,6.780 -OPR AN,5.000,5.000
741501,MÁLAGA,SD,PSICOLOGÍA INTERVENCIÓN PSICOEDUCATIVA INTERVENCIÓN PSICOSOCIAL PSICOLOGÍA CLÍNICA,F. PSICOLOGÍA,8.250,5.000,6.730 -OPR AN,5.000,5.000
742007,MÁLAGA,SYJ,PUBLICIDAD Y RELACIONES PÚBLICAS,F. CIENCIAS COMUNICACIÓN,8.366,5.000,5.790 -OPR AN,5.000,5.000
742503,MÁLAGA,C,QUÍMICA,F. CIENCIAS,8.343,5.000,5.000 -ONP NA,5.000,5.000
708007,MÁLAGA,SYJ,RELACIONES LABORALES Y RECURSOS HUMANOS,F. DE ESTU. SOCI. Y TRAB.,6.084,5.000,5.280 -OPR AN,5.000,5.000
708201,MÁLAGA,SD,TERAPIA OCUPACIONAL,FAC. CIENCIAS SALUD,9.656,5.000,7.000 -OPR AN,5.000,5.000
708518,MÁLAGA,SYJ,TRABAJO SOCIAL,F. DE ESTU. SOCI. Y TRAB.,7.597,5.000,6.160 -OPR AN,5.624,5.000
743205,MÁLAGA,AYH,TRADUCCIÓN E INTERPRETACIÓN FRANCÉS INTERPRETACIÓN DE CONFERENCIAS TRADUCCIÓN ESPECIALIZADA TRADUCCIÓN GENERALISTA,F. FILOSOFÍA Y LETRAS,10.003,5.000,5.710 -OPR AN,5.000,5.000
743302,MÁLAGA,AYH,TRADUCCIÓN E INTERPRETACIÓN INGLÉS,F. FILOSOFÍA Y LETRAS,11.357,5.000,6.390 -OPR AN,5.000,5.000
708708,MÁLAGA,SYJ,TURISMO,F. TURISMO,7.566,5.000,6.310 -OPR AN,5.000,5.000
925501,P. OLAVIDE,SYJ,ADMINISTRACION Y DIRECCIÓN DE EMPRESAS,F. CIENCIAS EMPRESARIALES,8.170,5.000,6.540 -OPR AN,5.000,5.000
925529,P. OLAVIDE,SYJ,ADMINISTRACIÓN Y DIRECCIÓN DE EMPRESAS,C. U. SAN ISIDORO,5.000,5.000,5.000 -ONP NA,5.000,5.000
925607,P. OLAVIDE,SYJ,ADMON. Y DIREC. DE EMPRESA + DERECHO,F.CC.EMPRES.-F.DERECHO,9.993,5.000,5.000 -ONP NA,5.000,5.000
925611,P. OLAVIDE,SYJ,ADMON Y DIREC. EMP. + DERECHO (grupo formación bilingüe),F.CC.EMPRES.-F.DERECHO,11.627,5.000,7.920 -OPR AN,5.000,5.000
925514,P. OLAVIDE,SYJ,ADMON Y DIRECCIÓN DE EMPRESAS (grupo formación en inglés),F. CIENCIAS EMPRESARIALES,11.077,5.000,6.817 -OPR AN,5.000,5.000
951005,P. OLAVIDE,SYJ,ANÁLISIS ECONÓMICO,F. CIENCIAS EMPRESARIALES,5.745,5.000,5.000 -ONP NA,5.000,5.000
926708,P. OLAVIDE,C,BIOTECNOLOGÍA,F. CIENCIAS EXPERIMENT.,12.504,5.000,8.325 -ONP NA,5.000,5.000
927000,P. OLAVIDE,C,CIENCIAS AMBIENTALES,F. CIENCIAS EXPERIMENT.,7.173,5.000,5.000 -ONP NA,5.000,5.000
927507,P. OLAVIDE,SYJ,CIENCIAS DE LA ACTIVIDAD FÍSICA Y DEL DEPORTE,F. DEPORTE,10.335,5.000,7.030 -OPR AN,5.000,5.000
927511,P. OLAVIDE,SYJ,CIENCIAS DE LA ACTIVIDAD FÍSICA Y DEL DEPORTE,C. U. SAN ISIDORO,7.000,5.000,5.554 -OPR AN,5.000,5.000
928500,P. OLAVIDE,SYJ,CIENCIAS POLÍTICAS Y DE LA ADMINISTRACIÓN,F. DERECHO,7.790,5.000,5.000 -ONP NA,22.290,8.800
929008,P. OLAVIDE,SYJ,COMUNICACIÓN,C. U. SAN ISIDORO,5.000,5.000,5.000 -ONP NA,5.000,5.000
929105,P. OLAVIDE,SYJ,COMUNICACIÓN + COMUNICACIÓN DIGITAL,C. U. SAN ISIDORO,5.000,5.000,5.000 -ONP NA,5.000,5.000
929202,P. OLAVIDE,SYJ,COMUNICACIÓN DIGITAL,C. U. SAN ISIDORO,5.000,5.000,5.000 -ONP NA,5.000,5.000
992604,P. OLAVIDE,SYJ,CRIMINOLOGÍA,F. DERECHO,10.073,5.000,6.618 -OPR AN,26.874,6.900
929504,P. OLAVIDE,SYJ,DERECHO,F. DERECHO,8.138,5.000,7.583 -OPR AN,5.000,5.000
929519,P. OLAVIDE,SYJ,DERECHO,C. U. SAN ISIDORO,5.000,5.000,5.000 -ONP NA,5.000,5.000
929806,P. OLAVIDE,SYJ,DERECHO + CIENCIAS POLI. Y DE LA ADMON.,F. DERECHO,9.571,5.000,5.000 -ONP NA,5.000,5.000
951501,P. OLAVIDE,SYJ,DERECHO + CRIMINOLOGÍA,F. DERECHO,11.164,5.000,6.989 -OPR AN,5.000,5.000
929709,P. OLAVIDE,SYJ,DERECHO + FINANZAS Y CONTABILIDAD,F. DERECHO,7.596,5.000,5.000 -ONP NA,5.000,5.000
929903,P. OLAVIDE,SYJ,DERECHO + RELACIONES LABORALES Y RECURSOS,F. DERECHO,9.466,5.000,5.000 -ONP NA,5.000,5.000
929407,P. OLAVIDE,SYJ,DERECHO Y BACHELOR OF LAWS (UNIVERSIDAD DE BAYREUTH),F. DERECHO,6.889,5.000,5.000 -ONP NA,5.000,5.000
902206,P. OLAVIDE,SYJ,EDUCACIÓN SOCIAL,F. DE CIENCIAS SOCIALES,8.191,5.000,5.350 -OPR AN,5.000,5.000
902001,P. OLAVIDE,SYJ,FINANZAS Y CONTABILIDAD,F. CIENCIAS EMPRESARIALES,5.000,5.000,5.000 -ONP NA,5.000,5.000
903516,P. OLAVIDE,SD,FISIOTERAPIA,C. U. SAN ISIDORO,Aún Sin Oferta,Aún Sin Oferta,Aún Sin Oferta,Aún Sin Oferta,Aún Sin Oferta
936801,P. OLAVIDE,AYH,GEOGRAFÍA E HISTORIA,F. HUMANIDADES,5.000,5.000,5.000 -ONP NA,5.000,5.000
938506,P. OLAVIDE,AYH,HUMANIDADES,F. HUMANIDADES,5.000,5.000,5.000 -ONP NA,5.000,5.000
938808,P. OLAVIDE,AYH,HUMANIDADES + TRADUCCIÓN E INTERPRETACIÓN (INGLÉS),F. HUMANIDADES,12.027,5.000,7.913 -OPR AN,5.000,5.000
914500,P. OLAVIDE,IYA,INGENIERÍA INFORMÁTICA EN SISTEMAS DE INFORMACIÓN,E. POLITÉCNICA SUPERIOR,5.750,5.000,5.000 -ONP NA,5.000,5.000
906200,P. OLAVIDE,SD,NUTRICIÓN HUMANA Y DIETÉTICA,F. CIENCIAS EXPERIMENT.,10.859,5.000,6.813 -OPR AN,29.810,7.250
908003,P. OLAVIDE,SYJ,RELACIONES LABORALES Y RECURSOS HUMANOS,F. DERECHO,5.954,5.000,5.000 -ONP NA,22.789,6.150
942704,P. OLAVIDE,SYJ,SOCIOLOGÍA,F. CIENCIAS SOCIALES,7.292,5.000,5.720 -OPR AN,19.478,8.850
999103,P. OLAVIDE,SYJ,SOCIOLOGÍA + CIENCIAS POLÍTICAS Y DE LA ADMINISTRAC,F.CC.SOCIALES.-F.DERECHO,8.258,5.000,5.000 -ONP NA,5.000,5.000
908501,P. OLAVIDE,SYJ,TRABAJO SOCIAL,F. DE CIENCIAS SOCIALES,7.540,5.000,5.000 -OPR AN,5.000,5.000
902303,P. OLAVIDE,SYJ,TRABAJO SOCIAL + EDUCACIÓN SOCIAL,F. DE CIENCIAS SOCIALES,9.053,5.000,5.000 -ONP NA,5.000,5.000
908607,P. OLAVIDE,SYJ,TRABAJO SOCIAL + SOCIOLOGÍA,F. DE CIENCIAS SOCIALES,7.222,5.000,5.000 -ONP NA,5.000,5.000
943104,P. OLAVIDE,AYH,TRADUCCIÓN E INTERPRETACIÓN ALEMÁN,F. HUMANIDADES,10.143,5.000,5.000 -ONP NA,5.000,5.000
943201,P. OLAVIDE,AYH,TRADUCCIÓN E INTERPRETACIÓN FRANCÉS,F. HUMANIDADES,9.963,5.000,5.000 -ONP NA,5.000,5.000
943309,P. OLAVIDE,AYH,TRADUCCIÓN E INTERPRETACIÓN INGLÉS,F. HUMANIDADES,11.314,5.000,8.147 -OPR NA,5.000,5.000
825501,SEVILLA,SYJ,ADMINISTRACION Y DIRECCIÓN DE EMPRESAS,F. CIEN. ECONÓM. Y EMPRE,7.956,5.000,5.750 -OPR AN,5.000,5.000
825609,SEVILLA,SYJ,ADMON. Y DIREC. DE EMPRESA + DERECHO,F. DERECHO Y CC ECONEMP,11.230,5.000,5.275 -OPR AN,5.000,5.000
891505,SEVILLA,SYJ,ANTROPOLOGIA SOCIAL Y CULTURAL,F. GEOGRAFÍA E HISTORIA,6.672,5.000,5.570 -OPR NA,14.500,8.175
853004,SEVILLA,AYH,ARQUEOLOGÍA,F. GEOGRAFÍA E HISTORIA,7.710,5.000,7.392 -OPR AN,5.000,5.000
826009,SEVILLA,AYH,BELLAS ARTES,F. BELLAS ARTES,9.073,5.000,6.150 -OPR AN,10.312,6.250
826505,SEVILLA,C,BIOLOGÍA,F. BIOLOGÍA,10.620,5.000,8.915 -ONP NA,5.000,5.000
852000,SEVILLA,SD,BIOMEDICINA BÁSICA Y EXPERIMENTAL,F. MEDICINA,12.949,5.000,7.940 -OPR AN,5.000,5.000
892002,SEVILLA,C,BIOQUÍMICA,F. BIOLOGÍA,12.543,5.000,5.000 -ONP NA,5.000,5.000
801001,SEVILLA,IYA,CIENCIA Y TECNOLOGÍA DE EDIFICACIÓN,E.T.S. ING. EDIFICACION,5.000,5.000,5.000 -ONP NA,5.000,5.000
827509,SEVILLA,SYJ,CIENCIAS DE LA ACTIVIDAD FÍSICA Y DEL DEPORTE,F. CIENC. DE LA EDUCACIÓN,11.040,5.000,7.184 -OPR AN,5.000,5.000
827513,SEVILLA,SYJ,CIENCIAS DE LA ACTIVIDAD FÍSICA Y DEL DEPORTE,C.E.U.CARDENAL SPÍNOLA(A),8.062,5.000,6.000 -OPR NA,5.000,5.000
829001,SEVILLA,SYJ,COMUNICACIÓN AUDIOVISUAL,F. COMUNICACIÓN,9.149,5.000,6.340 -ONP AN,5.000,5.000
829014,SEVILLA,SYJ,COMUNICACIÓN AUDIOVISUAL,C. ESTUD.UNIV. EUSA (ADS),5.000,5.000,5.000 -ONP NA,5.000,5.000
826203,SEVILLA,AYH,CONSERVACIÓN Y RESTAURACIÓN DE BIENES CULTURALES,F. BELLAS ARTES,8.356,5.000,5.810 -OPR AN,5.000,5.000
892601,SEVILLA,SYJ,CRIMINOLOGÍA,F. DERECHO,10.645,5.000,6.650 -OPR AN,20.166,7.850
829506,SEVILLA,SYJ,DERECHO,F. DERECHO,8.500,5.000,6.570 -OPR AN,5.000,5.000
829510,SEVILLA,SYJ,DERECHO,C.E.U.CARDENAL SPÍNOLA(A),5.000,5.000,5.000 -ONP NA,5.000,5.000
851600,SEVILLA,SYJ,DERECHO + ECONOMÍA,F. DERECHO Y CC ECONEMP,11.909,5.000,5.000 -ONP NA,5.000,5.000
829700,SEVILLA,SYJ,DERECHO + FINANZAS Y CONTABILIDAD,F. DERECHO,9.382,5.000,5.000 -ONP NA,5.000,5.000
829603,SEVILLA,SYJ,DERECHO + GESTIÓN Y ADM. PUB.,F. DERECHO,8.203,5.000,5.000 -ONP NA,5.000,5.000
830002,SEVILLA,SYJ,ECONOMÍA,F. CIEN. ECONÓM. Y EMPRE,8.893,5.000,5.100 -OPR AN,5.000,5.000
845502,SEVILLA,SYJ,EDUCACIÓN INFANTIL,F. CIENC. DE LA EDUCACIÓN,9.080,5.000,6.179 -OPR AN,5.000,5.000
845517,SEVILLA,SYJ,EDUCACIÓN INFANTIL,C.E.U.CARDENAL SPÍNOLA(A),5.000,5.000,5.000 -ONP NA,5.000,5.000
845521,SEVILLA,SYJ,EDUCACIÓN INFANTIL,C.E.U. F.MALD.(A) (OSUNA),5.000,5.000,5.000 -ONP NA,5.000,5.000
846506,SEVILLA,SYJ,EDUCACIÓN PRIMARIA,F. CIENC. DE LA EDUCACIÓN,8.620,5.000,6.143 -OPR AN,5.000,5.000
846525,SEVILLA,SYJ,EDUCACIÓN PRIMARIA,C.E.U.CARDENAL SPÍNOLA(A),5.000,5.000,5.000 -ONP NA,5.000,5.000
846531,SEVILLA,SYJ,EDUCACIÓN PRIMARIA,C.E.U. F.MALD.(A) (OSUNA),5.000,5.000,5.000 -ONP NA,5.000,5.000
846603,SEVILLA,AYH,EDUCACIÓN PRIMARIA + ESTUDIOS FRANCESES,F. CC. EDUCA-F. FILOLOG,11.187,5.000,6.540 -ONP AN,5.000,5.000
802548,SEVILLA,SD,ENFERMERÍA,F. ENF.FIS.POD.(VALME),11.450,5.000,7.371 -OPR AN,23.749,7.500
802529,SEVILLA,SD,ENFERMERÍA,F. ENF.FIS.POD.(ROCÍO),11.870,5.000,7.384 -OPR AN,24.083,7.675
802501,SEVILLA,SD,ENFERMERÍA,F. ENF.FIS.POD.(MACARENA),11.716,5.000,7.342 -OPR AN,24.310,7.550
802533,SEVILLA,SD,ENFERMERÍA,C.E.U. F.MALD.(A) (OSUNA),9.440,5.000,6.500 -OPR AN,5.000,5.000
802552,SEVILLA,SD,ENFERMERÍA,C. ENFER. S.J. DIOS (A),10.212,5.000,6.567 -OPR AN,5.000,5.000
802514,SEVILLA,SD,ENFERMERÍA,C. ENFER. CRUZ ROJA (A),10.490,5.000,6.492 -OPR AN,7.998,5.000
803007,SEVILLA,C,ESTADÍSTICA,F. MATEMÁTICAS,6.908,5.000,5.000 -ONP NA,5.000,5.000
831502,SEVILLA,AYH,ESTUDIOS ÁRABES E ISLÁMICOS,F. FILOLOGÍA,5.000,5.000,5.000 -ONP NA,5.000,5.000
850501,SEVILLA,AYH,ESTUDIOS DE ASIA ORIENTAL CHINO JAPONÉS,F. FILOSOFÍA,9.053,5.000,6.890 -OPR AN,5.000,5.000
833003,SEVILLA,AYH,ESTUDIOS FRANCESES,F. FILOLOGÍA,5.742,5.000,5.000 -ONP NA,5.000,5.000
834503,SEVILLA,AYH,ESTUDIOS INGLESES,F. FILOLOGÍA,8.756,5.000,5.227 -OPR NA,5.000,5.000
830509,SEVILLA,SD,FARMACIA,F. FARMACIA,10.730,5.000,5.000 -OPR AN,5.000,5.000
830606,SEVILLA,SD,FARMACIA + ÓPTICA Y OPTOMETRÍA,F. FARMACIA,12.434,5.000,5.250 -OPR AN,5.000,5.000
832001,SEVILLA,AYH,FILOLOGÍA CLÁSICA,F. FILOLOGÍA,5.000,5.000,5.000 -ONP NA,5.000,5.000
834201,SEVILLA,AYH,FILOLOGÍA CLÁSICA + FILOLOGÍA HISPÁNICA,F. FILOLOGÍA,10.460,5.000,5.000 -ONP NA,5.000,5.000
834007,SEVILLA,AYH,FILOLOGÍA HISPÁNICA,F. FILOLOGÍA,6.297,5.000,5.000 -ONP NA,5.000,5.000
835507,SEVILLA,AYH,FILOSOFÍA,F. FILOSOFÍA,6.963,5.000,5.000 -ONP NA,52.098,8.800
802115,SEVILLA,SYJ,FINANZAS. Y CONTAB. + REL. LABORALES Y REC. HUMANOS,F. CIENCIAS DEL TRABAJO,7.619,5.000,6.979 -OPR AN,5.000,5.000
802100,SEVILLA,SYJ,FINANZAS. Y CONTAB. + REL. LABORALES Y REC. HUMANOS,C.E.U. F.MALD.(A) (OSUNA),5.000,5.000,5.000 -ONP NA,5.000,5.000
802003,SEVILLA,SYJ,FINANZAS Y CONTABILIDAD,F. TURISMO Y FINANZAS,5.000,5.000,5.000 -ONP NA,5.000,5.000
802018,SEVILLA,SYJ,FINANZAS Y CONTABILIDAD,C.E.U. F.MALD.(A) (OSUNA),5.000,5.000,5.000 -ONP NA,5.000,5.000
836004,SEVILLA,C,FÍSICA,F. FÍSICA,10.776,5.000,5.000 -ONP NA,5.000,5.000
836101,SEVILLA,IYA,FÍSICA + INGENIERÍA DE MATERIALES,F. FÍSICA,12.228,5.000,5.000 -ONP NA,5.000,5.000
839404,SEVILLA,C,FÍSICA + MATEMÁTICAS,F. MATEMAT-F. FISICA,13.445,5.000,5.000 -ONP NA,5.000,5.000
803503,SEVILLA,SD,FISIOTERAPIA,F. ENF. FIS. POD.,12.085,5.000,7.309 -OPR AN,22.748,6.400
803518,SEVILLA,SD,FISIOTERAPIA,C.E.U. F.MALD.(A) (OSUNA),10.250,5.000,5.850 -OPR AN,5.000,5.000
800502,SEVILLA,IYA,FUNDAMENTOS DE ARQUITECTURA,E.T.S. ARQUITECTURA,7.282,5.000,5.000 -ONP NA,5.000,5.000
836705,SEVILLA,SYJ,GEOGRAFÍA Y GESTIÓN DEL TERRITORIO,F. GEOGRAFÍA E HISTORIA,5.178,5.000,5.725 -OPR AN,5.000,5.000
836901,SEVILLA,AYH,GEOGRAFÍA Y GESTIÓN DEL TERRITORIO + HISTORIA,F. GEOGRAFÍA E HISTORIA,7.158,5.000,5.000 -ONP NA,5.000,5.000
837504,SEVILLA,AYH,HISTORIA,F. GEOGRAFÍA E HISTORIA,6.620,5.000,6.109 -OPR AN,5.000,5.000
838001,SEVILLA,AYH,HISTORIA DEL ARTE,F. GEOGRAFÍA E HISTORIA,6.168,5.000,5.000 -OPR NA,5.000,5.000
811201,SEVILLA,IYA,ING. EN DISEÑO INDUSTRIAL Y DESAR. DEL PRODUCTO,E. POLITÉCNICA SUPERIOR,9.775,5.000,5.000 -ONP NA,5.000,5.000
811307,SEVILLA,IYA,ING. MECÁNICA + ING. EN DISEÑO INDUSTRIAL Y DES. PR,E. POLITÉCNICA SUPERIOR,11.976,5.000,5.000 -ONP NA,5.000,5.000
821701,SEVILLA,IYA,INGENIERÍA AEROESPACIAL,E.T.S. INGENIERÍA,12.670,5.000,6.101 -OPR NA,5.000,5.000
822004,SEVILLA,IYA,INGENIERÍA AGRÍCOLA,E.T.S. ING. AGRONÓMICA,5.000,5.000,5.000 -ONP NA,5.000,5.000
822500,SEVILLA,IYA,INGENIERÍA CIVIL,E.T.S. INGENIERÍA,9.649,5.000,5.000 -ONP NA,5.000,5.000
816801,SEVILLA,IYA,INGENIERÍA DE LA ENERGÍA,E.T.S. INGENIERÍA,9.856,5.000,5.000 -ONP NA,5.000,5.000
850003,SEVILLA,IYA,INGENIERÍA DE LA SALUD,E.T.S INGEN. INFORMÁTICA,10.763,5.000,5.000 -ONP NA,5.000,5.000
891300,SEVILLA,IYA,INGENIERÍA DE MATERIALES,F. FÍSICA,9.455,5.000,5.000 -ONP NA,5.000,5.000
895501,SEVILLA,IYA,INGENIERÍA DE ORGANIZACIÓN INDUSTRIAL,E.T.S. INGENIERÍA,9.941,5.000,5.000 -ONP NA,5.000,5.000
825005,SEVILLA,IYA,INGENIERÍA DE TECNOLOGÍAS DE TELECOMUNICACIÓN,E.T.S. INGENIERÍA,9.237,5.000,5.000 -ONP NA,5.000,5.000
812505,SEVILLA,IYA,INGENIERÍA ELÉCTRICA,E. POLITÉCNICA SUPERIOR,7.840,5.000,5.000 -ONP NA,5.000,5.000
812701,SEVILLA,IYA,INGENIERÍA ELÉCTRICA + ING. ELEC. INDUS.,E. POLITÉCNICA SUPERIOR,10.188,5.000,5.000 -ONP NA,5.000,5.000
813002,SEVILLA,IYA,INGENIERÍA ELECTRÓNICA INDUSTRIAL,E. POLITÉCNICA SUPERIOR,7.405,5.000,5.000 -ONP NA,5.000,5.000
813017,SEVILLA,IYA,INGENIERÍA ELECTRÓNICA -  ROBÓTICA Y MECATRÓNICA,E.T.S. INGENIERÍA,11.572,5.000,5.000 -ONP NA,5.000,5.000
823008,SEVILLA,IYA,INGENIERÍA EN TECNOLOGÍAS INDUSTRIALES,E.T.S. INGENIERÍA,10.940,5.000,5.000 -ONP NA,5.000,5.000
815001,SEVILLA,IYA,INGENIERÍA INFORMÁTICA. INGENIERÍA DE COMPUTADORES,E.T.S INGEN. INFORMÁTICA,6.508,5.000,5.000 -ONP NA,5.000,5.000
814502,SEVILLA,IYA,INGENIERÍA INFORMÁTICA. INGENIERÍA DEL SOFTWARE,E.T.S INGEN. INFORMÁTICA,8.122,5.000,5.000 -ONP NA,5.000,5.000
823504,SEVILLA,IYA,INGENIERÍA INFORMÁTICA. TECNOLOGÍA INFORMÁTICA,E.T.S INGEN. INFORMÁTICA,6.080,5.000,5.000 -ONP NA,5.000,5.000
813509,SEVILLA,IYA,INGENIERÍA MECÁNICA,E. POLITÉCNICA SUPERIOR,9.734,5.000,5.000 -ONP NA,5.000,5.000
812807,SEVILLA,IYA,INGENIERÍA MECÁNICA + ING. ELECTRICA,E. POLITÉCNICA SUPERIOR,10.940,5.000,5.000 -ONP NA,5.000,5.000
824508,SEVILLA,IYA,INGENIERÍA QUÍMICA,E.T.S. INGENIERÍA,8.794,5.000,5.000 -ONP NA,5.000,5.000
814006,SEVILLA,IYA,INGENIERÍA QUÍMICA INDUSTRIAL,E. POLITÉCNICA SUPERIOR,6.792,5.000,5.000 -ONP NA,5.000,5.000
831200,SEVILLA,AYH,LENGUA Y LITERATURA ALEMANAS,F. FILOLOGÍA,5.000,5.000,5.000 -ONP NA,5.000,5.000
831308,SEVILLA,AYH,LENGUA Y LITERATURA ALEMANAS + EDUCACIÓN PRIMARIA,F. CIENC. DE LA EDUCACIÓN,9.571,5.000,5.000 -ONP NA,5.000,5.000
849008,SEVILLA,SYJ,MARKETING E INVESTIGACIÓN DE MERCADOS,F. CIEN. ECONÓM. Y EMPRE,9.257,5.000,5.790 -OPR AN,5.000,5.000
839005,SEVILLA,C,MATEMÁTICAS,F. MATEMÁTICAS,8.948,5.000,5.000 -ONP NA,5.000,5.000
839307,SEVILLA,C,MATEMÁTICAS + ESTADÍSTICA,F. MATEMÁTICAS,11.475,5.000,5.630 -ONP AN,5.000,5.000
839501,SEVILLA,SD,MEDICINA,F. MEDICINA,12.798,5.000,7.559 -OPR AN,5.000,5.000
840008,SEVILLA,SD,ODONTOLOGÍA,F. ODONTOLOGÍA,12.311,5.000,7.440 -OPR AN,5.000,5.000
806504,SEVILLA,SD,ÓPTICA Y OPTOMETRÍA,F. FARMACIA,10.294,5.000,6.740 -OPR AN,5.000,5.000
840504,SEVILLA,SYJ,PEDAGOGÍA,F. CIENC. DE LA EDUCACIÓN,7.774,5.000,5.890 -OPR AN,5.000,5.000
841001,SEVILLA,SYJ,PERIODISMO,F. COMUNICACIÓN,9.025,5.000,5.700 -OPR AN,5.000,5.000
841016,SEVILLA,SYJ,PERIODISMO,C. ESTUD.UNIV. EUSA (ADS),5.000,5.000,5.000 -ONP NA,5.000,5.000
841109,SEVILLA,SYJ,PERIODISMO + COMUNICACIÓN AUDIOVISUAL,F. COMUNICACIÓN,12.204,5.000,6.535 -OPR NA,5.000,5.000
841113,SEVILLA,SYJ,PERIODISMO + COMUNICACIÓN AUDIOVISUAL,C. ESTUD.UNIV. EUSA (ADS),5.000,5.000,5.000 -ONP NA,5.000,5.000
807001,SEVILLA,SD,PODOLOGÍA,F. ENF. FIS. POD.,10.450,5.000,6.967 -OPR AN,5.000,5.000
841508,SEVILLA,SD,PSICOLOGÍA,F. PSICOLOGÍA,8.851,5.000,6.642 -OPR AN,5.664,7.180
842005,SEVILLA,SYJ,PUBLICIDAD Y RELACIONES PÚBLICAS,F. COMUNICACIÓN,8.895,5.000,6.790 -OPR AN,5.000,5.000
842010,SEVILLA,SYJ,PUBLICIDAD Y RELACIONES PÚBLICAS,C. ESTUD.UNIV. EUSA (ADS),5.000,5.000,5.000 -ONP NA,5.000,5.000
842501,SEVILLA,C,QUÍMICA,F. QUÍMICA,9.195,5.000,5.000 -ONP NA,5.000,5.000
842405,SEVILLA,IYA,QUÍMICA + INGENIERÍA DE MATERIALES,F. QUÍMICA,12.163,5.000,5.000 -ONP NA,5.000,5.000
808005,SEVILLA,SYJ,RELACIONES LABORALES Y RECURSOS HUMANOS,F. CIENCIAS DEL TRABAJO,6.522,5.000,5.000 -ONP NA,5.000,5.000
808011,SEVILLA,SYJ,RELACIONES LABORALES Y RECURSOS HUMANOS,C.E.U. F.MALD.(A) (OSUNA),5.000,5.000,5.000 -ONP NA,5.000,5.000
808710,SEVILLA,SYJ,TURISMO,F. TURISMO Y FINANZAS,6.620,5.000,5.000 -ONP NA,5.000,5.000
808706,SEVILLA,SYJ,TURISMO,C. ESTUD.UNIV. EUSA (ADS),5.000,5.000,5.000 -ONP NA,5.000,5.000
